{"cameraMode":{"drawMode":0,"name":"Shaded","section":"Shading Mode"},"sceneLighting":false,"audioPlay":false,"sceneViewState":{"m_AlwaysRefresh":false,"showFog":true,"showSkybox":false,"showFlares":true,"showImageEffects":true,"showParticleSystems":true,"showVisualEffectGraphs":true,"m_FxEnabled":true},"in2DMode":false,"pivot":{"x":0.027734875679016115,"y":1.1546330451965333,"z":-0.1469714641571045},"rotation":{"x":-0.16385304927825929,"y":-0.5851637721061707,"z":0.1221240758895874,"w":-0.7847652435302734},"size":2.8173701763153078,"orthographic":false}