{"cameraMode":{"drawMode":0,"name":"Shaded","section":"Shading Mode"},"sceneLighting":false,"audioPlay":false,"sceneViewState":{"m_AlwaysRefresh":false,"showFog":true,"showSkybox":false,"showFlares":true,"showImageEffects":true,"showParticleSystems":true,"showVisualEffectGraphs":true,"m_FxEnabled":true},"in2DMode":false,"pivot":{"x":-0.8091928958892822,"y":8.874855995178223,"z":0.02261638641357422},"rotation":{"x":0.04051501303911209,"y":0.9446058869361877,"z":0.2996565103530884,"w":-0.12765078246593476},"size":16.01365852355957,"orthographic":false}