{"cameraMode":{"drawMode":0,"name":"Shaded","section":"Shading Mode"},"sceneLighting":false,"audioPlay":false,"sceneViewState":{"m_AlwaysRefresh":false,"showFog":true,"showSkybox":false,"showFlares":true,"showImageEffects":true,"showParticleSystems":true,"showVisualEffectGraphs":true,"m_FxEnabled":true},"in2DMode":false,"pivot":{"x":11.978002548217774,"y":7.191390037536621,"z":9.098655700683594},"rotation":{"x":-0.002700510434806347,"y":-0.9046792387962341,"z":0.005699613597244024,"w":-0.42606377601623537},"size":18.52848243713379,"orthographic":false}