{"cameraMode":{"drawMode":0,"name":"Shaded","section":"Shading Mode"},"sceneLighting":false,"audioPlay":false,"sceneViewState":{"m_AlwaysRefresh":false,"showFog":true,"showSkybox":false,"showFlares":true,"showImageEffects":true,"showParticleSystems":true,"showVisualEffectGraphs":true,"m_FxEnabled":true},"in2DMode":false,"pivot":{"x":-136.53741455078126,"y":2.4976189136505129,"z":60.06378936767578},"rotation":{"x":0.022800195962190629,"y":-0.46748703718185427,"z":0.012082641944289208,"w":0.8836227655410767},"size":97.68022155761719,"orthographic":false}