{"cameraMode":{"drawMode":0,"name":"Shaded","section":"Shading Mode"},"sceneLighting":false,"audioPlay":false,"sceneViewState":{"m_AlwaysRefresh":false,"showFog":true,"showSkybox":false,"showFlares":true,"showImageEffects":true,"showParticleSystems":true,"showVisualEffectGraphs":true,"m_FxEnabled":true},"in2DMode":false,"pivot":{"x":-26.70134162902832,"y":2.242241144180298,"z":39.015708923339847},"rotation":{"x":-0.04328271374106407,"y":0.7214049100875855,"z":0.045298896729946139,"w":0.6896825432777405},"size":1.1202231645584107,"orthographic":false}