{"cameraMode":{"drawMode":0,"name":"Shaded","section":"Shading Mode"},"sceneLighting":false,"audioPlay":false,"sceneViewState":{"m_AlwaysRefresh":false,"showFog":true,"showSkybox":false,"showFlares":true,"showImageEffects":true,"showParticleSystems":true,"showVisualEffectGraphs":true,"m_FxEnabled":true},"in2DMode":false,"pivot":{"x":0.08078959584236145,"y":0.944308876991272,"z":0.3591157793998718},"rotation":{"x":0.001385162933729589,"y":-0.9514358043670654,"z":0.004281455650925636,"w":0.3078143894672394},"size":1.3948818445205689,"orthographic":false}