{"cameraMode":{"drawMode":0,"name":"Shaded","section":"Shading Mode"},"sceneLighting":false,"audioPlay":false,"sceneViewState":{"m_AlwaysRefresh":false,"showFog":true,"showSkybox":false,"showFlares":true,"showImageEffects":true,"showParticleSystems":true,"showVisualEffectGraphs":true,"m_FxEnabled":true},"in2DMode":false,"pivot":{"x":-0.09393119812011719,"y":7.439981460571289,"z":0.06397819519042969},"rotation":{"x":0.29708990454673769,"y":0.03145959973335266,"z":-0.009759204462170601,"w":0.9542942047119141},"size":16.137290954589845,"orthographic":false}