{"cameraMode":{"drawMode":0,"name":"Shaded","section":"Shading Mode"},"sceneLighting":false,"audioPlay":false,"sceneViewState":{"m_AlwaysRefresh":false,"showFog":true,"showSkybox":false,"showFlares":true,"showImageEffects":true,"showParticleSystems":true,"showVisualEffectGraphs":true,"m_FxEnabled":true},"in2DMode":false,"pivot":{"x":-0.7445764541625977,"y":1.2069809436798096,"z":-2.1784214973449709},"rotation":{"x":0.03803108632564545,"y":-0.644274890422821,"z":0.03212932497262955,"w":0.7631711959838867},"size":2.5660791397094728,"orthographic":false}