{"cameraMode":{"drawMode":0,"name":"Shaded","section":"Shading Mode"},"sceneLighting":false,"audioPlay":false,"sceneViewState":{"m_AlwaysRefresh":false,"showFog":true,"showSkybox":false,"showFlares":true,"showImageEffects":true,"showParticleSystems":true,"showVisualEffectGraphs":true,"m_FxEnabled":true},"in2DMode":false,"pivot":{"x":-4.767672061920166,"y":-13.314339637756348,"z":25.988494873046876},"rotation":{"x":0.3562510311603546,"y":-0.05047619342803955,"z":0.019288424402475358,"w":0.9328327775001526},"size":14.344093322753907,"orthographic":false}