{"cameraMode":{"drawMode":0,"name":"Shaded","section":"Shading Mode"},"sceneLighting":false,"audioPlay":false,"sceneViewState":{"m_AlwaysRefresh":false,"showFog":true,"showSkybox":false,"showFlares":true,"showImageEffects":true,"showParticleSystems":true,"showVisualEffectGraphs":true,"m_FxEnabled":true},"in2DMode":false,"pivot":{"x":0.09653927385807038,"y":0.26674342155456545,"z":1.0542917251586915},"rotation":{"x":-0.0009447933407500386,"y":0.9986304044723511,"z":-0.019782772287726404,"w":-0.048551589250564578},"size":0.9560672044754028,"orthographic":false}