{"cameraMode":{"drawMode":0,"name":"Shaded","section":"Shading Mode"},"sceneLighting":false,"audioPlay":false,"sceneViewState":{"m_AlwaysRefresh":false,"showFog":true,"showSkybox":false,"showFlares":true,"showImageEffects":true,"showParticleSystems":true,"showVisualEffectGraphs":true,"m_FxEnabled":true},"in2DMode":false,"pivot":{"x":0.10513854026794434,"y":0.2509157955646515,"z":0.11738425493240357},"rotation":{"x":0.4290998876094818,"y":0.08885441720485687,"z":-0.04240957275032997,"w":0.8978952169418335},"size":1.888372778892517,"orthographic":false}