{"cameraMode":{"drawMode":0,"name":"Shaded","section":"Shading Mode"},"sceneLighting":false,"audioPlay":false,"sceneViewState":{"m_AlwaysRefresh":false,"showFog":true,"showSkybox":false,"showFlares":true,"showImageEffects":true,"showParticleSystems":true,"showVisualEffectGraphs":true,"m_FxEnabled":true},"in2DMode":false,"pivot":{"x":-23.314754486083986,"y":1.5034704208374024,"z":35.759037017822269},"rotation":{"x":-0.013716158457100392,"y":0.903594970703125,"z":0.029017629101872445,"w":0.42717620730400088},"size":4.53594446182251,"orthographic":false}